-1.343693244948231058e+00,-8.358033891346839939e-01,-6.432533763632024559e-01,-2.238042990399497612e+00,-6.683733035308560000e-01,-9.317924041914606992e-01,-2.253816331826210106e+00,-1.407617595557466128e+00,-9.838924827020718578e-01,-1.335268585328678537e+00,-6.393153189574992679e-01,-1.555391783230941183e+00,-2.092911724081762959e+00,-7.423570578820934962e-01,-1.308183471103343987e+00
2.637452173888194640e+00,1.723090388173163623e+00,2.795284622583594225e-01,-7.744558963613070723e-01,7.355838818117728106e-01,-1.890783816873692347e+00,-2.196372861100154950e+00,3.748111699141376540e+00,3.688522010397893069e+00,8.044516417437075351e-01,4.216880556169835259e+00,1.728373179712375252e-01,-9.296764049522047157e-01,3.454876622403682540e-01,2.006879243750113506e+00
3.324153277710753418e+00,1.620507022540504716e+00,-1.899838057877579978e+00,-1.259380404918565954e+00,5.975402836542875740e-01,-1.160800530717843060e+00,-6.755590140888018125e-01,2.894378119853085796e+00,2.362151407747828724e+00,2.495270691720208767e+00,3.320122729884010582e+00,1.617110225943742208e+00,3.280931002761877102e-01,3.212370560867459646e-01,5.623621178191472447e-01
1.360425275953226709e+00,4.781320532306291504e+00,4.481885173001837863e+00,-8.180271828494278807e-01,-4.292276330084974778e-01,2.037562781042627780e-01,5.363795448350157369e-02,-1.739547824556599176e+00,-5.701717139692843439e-01,-4.856175484529781650e-01,-5.568947290583244225e+00,-1.324929851773713807e+00,-1.706706631883123798e-02,-3.048886304711805884e-01,-1.780522958383194521e+00
4.728036218379387812e-01,3.264152143288946206e+00,1.195004270907220834e+00,1.882131850138585527e+00,2.196387463510327265e-01,2.610579359223143658e+00,-3.656813326001448483e-01,-2.822687961928120437e+00,-7.065365438819160460e+00,8.390923447320424167e-01,-3.605663900016661927e+00,5.180667186040422756e+00,6.879753531361607610e-01,-1.431319070734723864e+00,-1.471172425777639736e+00
1.065641888218305189e+00,-1.567649122537794870e+00,1.096433227303532210e+00,1.207431138002881488e+00,-3.249581047809972645e-02,1.265107149625231298e+00,2.021033578949818832e+00,-1.337661040738464591e+00,1.929395187905935671e-01,1.805746615322652904e+00,1.083067191175469901e+00,8.897076917669475282e-01,-9.846630072230867503e-01,-7.524031498611609692e-01,2.271044020650903938e+00
-2.155517378709682852e+00,-1.165155212051780609e+01,-3.439268634710592742e+00,4.130664834508050443e-01,-8.629026642386367074e-01,4.144161970606670131e-01,5.130681657540042018e+00,3.971736721732397779e+00,1.809459784503692381e+00,4.330619315862581087e-01,-8.249276717096059031e-01,1.956205278540684933e+00,1.715379379726691411e+00,2.052071369345610297e+00,3.450105051992076177e+00
1.499058643229517429e+00,4.290970005340853377e-01,-8.298895814376898716e-01,1.175655637087336530e-01,-2.055572927320334919e+00,6.846820016426566902e-01,1.523234385631837551e+00,-1.513398568621699525e+00,1.109255467044237831e+00,-1.476591038240540499e+00,-9.644626222046599473e-01,1.496717552076924918e+00,4.863999355635485244e+00,8.407498734852870692e-01,-2.143578037182060914e-01
-1.610473277055027019e-01,2.446336281043846483e+00,-1.208405916841930883e-01,-4.410067869827575815e-01,1.442922394868487501e+00,-2.441552696428219149e-01,-7.951737986073527109e-01,-1.044070417882574819e+00,-8.796454101555319927e-01,-3.983687016704068551e+00,4.889792366137479362e+00,6.497946675536820926e-01,7.140369519725188185e-01,-1.526010053604565542e+00,-2.115991913415309345e+00
-2.993959930774632294e+00,-5.898931559181804118e+00,-3.322204160096925984e-01,2.827551205897891773e+00,-1.445770665685022494e-01,2.701610730950056993e-01,-1.045949610569180344e+00,-1.183251601264988961e+00,-1.429372603658240370e+00,-1.212808789855753799e+00,4.550270073552289851e+00,-1.220643857600894444e+00,-1.291264763931297521e+00,-8.701955830108423218e-01,-1.878569878433170803e+00
-2.406159300767792608e+00,-1.668354379904263940e+00,1.633080005543295243e+00,4.883202314250482345e+00,1.262854266544856330e+00,-8.126312846836803994e-01,-1.910002827930176617e+00,-9.559667863311948066e-01,-2.021261691195018084e+00,-4.472786701450486846e-01,-5.285099009302962614e+00,-4.136979674126836315e+00,-1.540473870690948432e+00,2.893509139180419520e+00,-4.416982999811662203e-01
-1.530479814391624060e+00,2.765836301722582657e+00,2.425244129674817284e+00,2.336558199957162962e+00,7.699802574805904021e-01,-6.733863916581226405e-01,3.163611318354787816e+00,1.281295484456983269e+00,3.041459727660437373e+00,-1.968969971760788473e+00,-2.825934856380390769e+00,-4.836941746995340630e+00,-4.889695361117167849e-01,2.609345854612431292e+00,-5.705860543993139800e-01
-6.116976106158518167e-01,-2.803367252386183561e-01,1.486106348266235555e+00,4.677973155677721095e+00,2.923137270236304985e+00,-2.109130916062892380e-01,-1.298594641484311030e+00,-2.223385337123024996e+00,3.138177094016697755e+00,7.007287709960609012e-01,2.490023699750672392e+00,-9.327365223242073400e-01,-1.218867188278702329e+00,-2.518275643775564898e+00,3.553257063312307729e+00
-3.082847622529128362e+00,-1.174011724878700758e+00,5.722069021824658375e-01,-1.514659166312994243e+00,-1.481574438467230914e+00,3.914855426224420842e+00,4.308923532406986334e-01,-1.382084057015204648e+00,-2.826111003897665341e+00,2.708966980534228686e+00,4.421464824417654427e+00,-1.203067396536900979e+00,-1.781227040312748144e+00,-1.985366359269469250e+00,-1.653688175259023563e+00
1.091141332437178146e+00,3.496444959935513186e+00,-2.259116680699292168e+00,-5.047889896693379619e+00,-2.540839382560147741e-01,1.628196405632802435e-01,2.143320096813902953e-01,-1.535221526687287508e+00,1.275192346290617396e+00,1.164259297959906458e+00,1.126359461046937474e-02,2.424663561787905319e+00,-1.688237244311785901e+00,-4.361472664707160551e-01,1.702967282204828070e+00
2.696526196195897729e+00,1.184100066230810100e+00,-1.635731627708863378e+00,-2.351290202137316765e+00,-1.142885095106488530e-01,-2.699650419500245757e+00,-1.388903977624300401e+00,-4.662726171705280365e-01,-1.935250089756866076e+00,-2.080168902575382450e+00,-3.123177059319117710e+00,-7.661388285409801435e-01,1.837547049673012856e+00,-2.333643845309581355e+00,-4.869901934652771103e-01
-2.492976456499514271e+00,-3.751382731399098169e+00,-1.607113204836302933e-01,-1.901816726380790357e+00,-1.573672281283300389e+00,-4.114617750141528196e-01,-2.161117308030995332e+00,-2.926964239375775545e-01,-3.112437366712229814e+00,2.472746261442747839e-01,-4.316784383679625137e+00,-2.999210371372286410e+00,-3.712462451056316448e-01,4.432201066762602615e+00,-5.954540225799479503e-01
-1.501809536663090583e+00,2.843790779017766474e-02,-2.193589897428183555e+00,-2.765273808423807100e+00,-1.333668903438901987e+00,2.325764380966831996e-03,-7.370743524726218743e-01,-5.887671082257337485e-01,3.493631581130300923e-01,-1.107080731704819243e+00,-2.639230415174017352e+00,-2.621532640014126780e+00,-1.946231415009676891e+00,2.075997048850072080e+00,-3.365952748854518783e-01
-1.744222319382740860e+00,2.621666140010476376e+00,-1.882087036837245764e+00,-3.060749554802250305e+00,1.527444551481361990e-01,7.763301505812619796e-01,-4.372272820109161795e-02,-1.104862322685693371e-01,2.876403743202882612e+00,8.684157394909175487e-01,-2.368716453507216269e+00,-1.641812421831787994e+00,-2.319877848287538402e+00,1.601772689895029522e+00,-1.216502766895162235e+00
-1.253805449563928143e+00,-1.569913909987145306e+00,-1.372076249964188976e+00,-1.152952406682909992e+00,-1.532525027704951137e+00,-1.713022668081221500e+00,-5.770038007803172941e-02,-1.147879052840733882e+00,-1.271424473871855199e+00,4.987392326077140781e-01,-9.276978365914263502e-01,3.947567932219476217e-01,1.254576992498586119e+00,-2.530989241748307972e+00,-3.267016246250853850e+00
-2.203917938208653560e+00,3.644863909042070360e-01,-5.456047051050607610e-01,3.200824249493554319e-02,-9.390628016891869878e-01,-2.065921019781541190e+00,-2.315036990383969040e-01,2.774018050602105045e-01,-2.691107871581756239e+00,-2.471732921010658668e+00,2.104481531060875987e+00,-1.100520996196785672e+00,-1.003808298893314743e-01,-1.783074880495115089e+00,-1.166589994361767024e+00
1.353431498288818924e+00,3.132730388345061456e+00,5.844571574065268033e-02,2.959912322861536271e+00,-1.090817772307942857e+00,5.178767410593817511e-01,9.121362951297654620e-01,-3.187125279523257415e-01,2.472872185785799370e+00,1.780174872641254513e+00,3.706505349346520095e+00,8.479936189342588415e-01,1.087411077718025254e+00,1.414436960994646331e+00,4.746191604532091546e+00
4.229972107390786107e+00,2.642942468151001645e+00,-6.036334353097896344e-01,4.033623905301572665e-01,2.497287221146344827e+00,4.507778872563705796e+00,9.512966691630814209e-01,3.944082819799635153e+00,3.578997215186446201e+00,6.050079267115259896e+00,-2.528820570726052264e+00,3.663347340818640330e+00,8.018165949357039524e-02,-2.533856962787807143e-01,-8.158773329686239695e-01
1.229129252149490092e+00,-2.341576935743904020e+00,-7.125963692993837473e-01,4.218187342177277976e+00,4.377441290964314113e+00,2.301785869828057773e+00,2.950149266940105708e+00,3.303924117655578030e+00,3.068422455734398646e+00,3.835239260085926194e+00,-3.241484772080226229e+00,3.158457557694603235e+00,1.050035890915079761e+00,-1.602729523159992508e+00,-3.429487267867387779e+00
-9.661769914811157989e-01,-9.922952002788637538e-01,7.545144727813548613e-01,4.583092462773991294e+00,3.384451604311888406e+00,-1.622764887321111571e+00,8.604326173496352759e-01,5.267067838737467866e+00,-4.913461682017659093e-01,-1.636833685466541288e+00,3.504613266975061592e+00,1.846861627590802080e+00,2.957650920641522241e+00,-2.209567045884476055e+00,-1.835378586991035732e+00
-2.183131258541193720e+00,-4.622184951829942379e-01,8.002179801272574222e-02,-2.839565818189700441e-01,-2.982801363223338553e-01,-1.925483489381029534e+00,-5.898378169282615380e-01,3.717809895139722265e+00,2.080575517198545832e+00,-3.002823292698595825e+00,2.890386875924450649e+00,-1.584607426551639442e+00,1.509553251299446508e+00,-3.844786688914306194e-01,1.756863382152246800e+00
3.974958142968080255e-01,9.314977705604942093e-01,1.336367836864723158e+00,-2.457805749385371996e+00,-1.940709540235702191e+00,1.154075184238916973e+00,3.965691212262931753e-01,-2.888681443793958081e+00,-2.015477718895617443e+00,1.382670838274757230e+00,-5.457864917307581054e-01,-2.383214791850038206e-01,1.160280361954543482e-01,-4.966663072206960877e-02,1.211900857887199257e+00
-3.138917047344049305e+00,1.439015848478312209e+00,-5.294535837908262987e-01,-1.189661144580622248e-01,-2.565003626337893472e+00,1.034654599934831776e+00,-7.610470730928425853e-01,-1.797002624031090123e+00,-2.036671003547132930e+00,3.333923696886655907e+00,-2.583579238127706734e+00,9.526532330511234825e-01,-4.676282136174610971e-01,3.266585205266763769e-01,-2.472354518495504028e+00
1.225382728226922957e+00,1.469794902893526656e+00,-7.921770442096176534e-01,7.934644518995610518e-01,-1.968861471859252088e+00,-1.234455794386924987e-01,-9.315997874753457753e-01,-1.659857234586320951e+00,-2.618482655041288520e+00,8.626016087146823885e-01,-9.024074129479677797e-01,2.618366119503571898e+00,1.893927645194268372e+00,-6.134695090070678702e-01,-1.088093027525037559e+00
4.074760526682156048e+00,5.167424953256736231e+00,1.075117103242684946e+00,-3.375446496471192326e+00,-3.811954837122195627e-01,-3.180891798067290388e+00,-1.481401931662002847e+00,4.418311416049052198e-01,-2.024739801312214205e+00,-3.422049744987096354e+00,4.121651624328054098e+00,-1.065136118922043629e+00,1.711077415972068305e+00,2.781747557947967575e+00,3.977861383589079147e-01
3.427378120850117060e+00,2.513745436649013065e+00,2.145445456400502326e+00,-1.958106778112364221e+00,7.509393012033078740e-01,-1.959175974513483576e+00,-8.903827749653402401e-01,-6.643612792055375582e-01,8.534827500004060763e-01,-4.104872619048106408e+00,5.399456536485939928e+00,-1.806910794007206444e+00,6.002127849567626683e-01,3.312240247054595077e+00,2.050007565924079511e+00
7.648312554743670333e-01,4.614156905926702912e+00,3.311868933758877809e+00,-6.968384889330244691e-01,-1.954596309879613469e-01,-9.852907438231733872e-01,-1.199498574577399362e-01,6.195728596259619803e-01,-5.580408580267224306e-01,-2.856489783588660014e+00,3.674447524743608362e+00,1.181590037061266141e-01,2.619294447106094159e-01,2.851504222772121899e+00,4.270301606673658767e+00
-7.830960085996281350e-01,-2.728077613880012020e+00,-7.342819099963045215e-03,-8.985634175149754821e-01,2.046465347205231211e+00,-1.063659340684406596e+00,2.884580465044868647e-01,2.510649232473686876e+00,2.370835925969262181e+00,-2.313145073070964064e-01,-2.734053570862381655e+00,-8.205143064649322859e-01,-1.460479690173535072e+00,-2.159522864311707036e+00,1.418273449712868783e-01
-2.942537974451975735e+00,-2.123329260519064565e+00,-1.913999558002423163e+00,-2.018296468592200466e+00,2.859918334610187074e+00,1.535097289074831339e+00,-6.755599021575421359e-01,3.781210202866366332e-01,2.893815080166082687e+00,5.991526073329618562e-02,-9.604226437755234436e-01,-1.811625651971948414e-01,-9.174565075201545072e-01,3.048813057212535621e-02,-1.847756783522502610e+00
-1.979949087298176424e+00,3.907476477022035155e+00,2.766240045177773776e+00,-6.877002128296145766e-01,1.398842604494382469e+00,-2.472085960762424151e+00,6.640477024823402408e-01,2.829605614194474761e+00,6.549965523361753306e+00,-1.211738646611039139e+00,3.665605002236955734e+00,1.717829532258604297e-01,1.552100649654523767e+00,4.434040290180402827e-02,1.634771896601723506e+00
3.465138132129943482e+00,-1.979238116965697181e+00,1.429729668926949637e+00,4.221310635420561508e-01,1.583313231566373824e+00,-1.124982945612805763e+00,5.604201785282797443e-01,-2.207442354574822740e+00,-1.679943372459955286e+00,1.205270487366817189e+00,-1.298567439521027267e-01,-3.114675331183516804e-01,2.254533192024328614e-01,-5.501523913400423460e+00,2.064255666602238026e+00
-1.779517186428469511e-01,-9.337287230436395191e+00,-1.926642803148429284e+00,4.798087831673129855e-02,-3.126500302513472551e+00,3.950018902690657807e+00,6.457408767601197086e-01,-2.813886614751395676e+00,-5.766921192817081376e+00,-9.028636080042258261e-01,-3.163719022604251307e+00,-5.365112094502563211e-01,-8.978523044827471100e-01,-1.744088134154446523e+00,-1.491655390194694064e+00
-6.966330174159957034e-01,1.354317991100246976e+00,1.873840105554533286e+00,4.190039095439977435e-01,-2.162560887827009282e+00,3.558739220226769806e+00,1.344431034347584486e+00,1.711117038901873944e+00,2.973796926009406733e-02,-5.559488700284132001e-01,-2.350986093953275180e+00,-1.316113174120377982e+00,1.980265447619210750e+00,1.420093595959431187e+00,1.134277759073784031e+00
-1.523369607577978124e+00,5.595836486233368490e+00,2.030031821237061607e+00,4.773972132239621691e-01,-3.862258322659385179e+00,-2.646353805562390971e+00,-1.117749005820417141e+00,2.874814688990899647e+00,8.028208575343036557e-01,3.297452728074851680e-01,-4.457138521280640808e-01,-3.005414279245421927e-01,6.012855825144544086e-01,-1.267231694859796698e-01,1.678477241964096756e+00
-1.276590172495919884e+00,-3.077797660690981374e+00,-2.049978633225371993e+00,-6.043070355228075119e-01,-2.505024218710972583e+00,-3.467452447836330442e+00,2.294306789184706319e-01,-1.706363288617599228e+00,-1.835589245029966010e+00,-2.243421775574854227e+00,-2.940045234622942871e+00,1.456319495771245531e+00,3.630537395974545167e-01,-1.474090083542423768e+00,-2.675659767946260370e+00
3.172331072679085207e+00,-3.609356034013164294e+00,-1.559634659953858637e+00,7.263281808021304631e-01,5.000798193711247785e-01,8.246694682616818595e-01,-1.713681880102029334e-02,-4.513655997702300304e+00,-3.005659759122118135e+00,-1.830292028119919201e-01,-1.615582894645931411e+00,-2.288750188834843158e+00,-2.485707087888888278e+00,2.216945745166270409e+00,-2.589981669067756176e+00
2.134238918174660160e+00,2.899878278602220583e+00,8.428473503507596387e-01,1.316450546147325706e+00,-1.262360776149994646e+00,4.365087499747056787e-01,2.578389710904394616e-01,2.642674786643219864e-01,-1.353773914910622489e+00,2.156335147340744385e+00,-2.255845124014064673e+00,-9.993349128464092956e-01,-2.018505560101010232e+00,2.251508020174480595e+00,1.123945316230335001e+00
2.380375957806525056e-01,-2.523718768402572810e+00,1.642139904857307930e-02,4.310468991152169416e+00,2.856596412717947175e-01,-1.787018591295703951e+00,2.880218554623257710e+00,3.031625875724217600e-01,-1.075096916534114960e-02,3.142981345691471806e-01,-1.243684297444875853e+00,4.463968879501772347e-01,2.112675368421853328e+00,-2.165460539543168639e-01,1.463557510761901437e+00
3.121416096617232738e-01,-3.335967376674422447e+00,1.492834261510359140e+00,5.120231768559215801e-01,-2.576096130411316132e+00,3.631349783121549102e+00,2.330847281213900946e+00,2.788571361815017191e+00,1.459337558980086769e+00,1.688296684279931847e+00,-1.256976836700518740e+00,-8.250567295214186192e-01,-1.756723536877200648e-02,-2.585761388747962908e+00,-1.012942902784157440e+00
-4.189763822790572023e-01,3.883947576341149954e+00,4.129216829919799991e+00,1.350422775448443247e+00,-3.608747335412116897e+00,5.170504383091009792e+00,-1.371334063748312015e+00,-9.467476649973944891e-01,9.949567322057274454e-01,2.443836334326483506e+00,2.764006423229646292e-01,8.879041017624141885e-01,-1.926390475428696680e+00,4.256088928480891376e+00,-1.812506641538897068e+00
3.448712952636968643e-01,1.332138685736771411e+00,6.408256599671042775e-01,1.868118327493340169e+00,3.037459271656607340e-01,-7.579193209526018382e-01,1.675802469202703371e+00,9.571554974836525842e-01,1.751680351074242026e+00,1.554192214160574848e+00,-1.297000783063794849e+00,-1.974178352590314933e+00,-1.937165474954843480e+00,2.861502610918741141e+00,2.278233018701942836e+00
-7.286387404280017521e-02,-3.149853605380546817e+00,1.496096036168140242e-01,-1.786672814221282879e-01,3.627009957160907128e+00,-2.798922682900518044e+00,-1.297867149513016960e+00,-2.393651874113609690e+00,5.657509879338682879e+00,-9.326611711691425999e-01,-3.444956337087341780e-02,5.732503706354870054e-01,1.086609917807195513e+00,1.227821243881250385e-02,1.846143847693112239e+00
4.146036987984755839e-01,-6.734822360701649302e+00,-1.767731256702342657e+00,-4.741395081601193495e-01,3.368933359597840571e+00,4.965756404554900749e-01,-3.035841075271891176e-01,-2.721052777488762731e-01,4.436120623706072408e+00,2.040372790435884376e+00,-8.573335747447934363e-01,2.631698792856957070e+00,3.676251653883584325e-01,-9.365313609478187473e-01,-4.194894525083066594e-01
1.259304010081959024e+00,-3.271967924908462111e-01,-5.626999909337846439e-01,8.178003292032866023e-01,4.270208556262673483e+00,2.324144276486235672e+00,9.972698152959126316e-01,5.889685113121989612e-01,2.088079163746464850e+00,3.573823321739991066e+00,2.407414673097576063e+00,5.781340725486030507e-01,6.153632311135429633e-01,-6.226307031251269164e-01,-8.815220081147251419e-01
1.734313920780806040e+00,2.397163370104067326e+00,2.813961870356874062e+00,2.907246518222942555e+00,1.011199748045162439e+00,-2.724740051112300332e+00,1.230815472399506616e+00,1.068768548917841260e-01,3.441890224514800867e-01,-1.174564617705635250e+00,5.018392364492960667e+00,9.551632881722982304e-01,1.362477755050377493e+00,1.465007281978488729e+00,2.534329331045478195e+00
2.046621428820417421e+00,-7.734153313070392111e-01,7.849831563935800727e-01,6.430870225286859920e-01,-4.514140877940477914e-01,-1.225650592316128273e+00,-2.106720177578811359e+00,1.060824485038714071e+00,-3.610332603102954785e-01,1.691888423133707686e+00,-1.200264792730197261e+00,1.838480890913469501e-01,5.655354053490936339e-01,4.075955038608573555e-01,-1.652149595103416857e+00
-1.791667637114928047e+00,-3.994275565462533706e+00,-9.907415318617356359e-01,-9.937710698769000039e-01,-6.831368412340516061e-01,1.633993846036575492e+00,5.364882002673817540e-01,6.972316487171295041e-01,-4.990255068906067848e+00,1.458164955035393895e+00,-1.392208188873710561e+00,2.155326532437031872e+00,-1.741191783899072254e+00,2.530946492348115306e+00,3.867357614192659998e+00
-1.306654076438285905e+00,2.029364759489600267e+00,1.555041555351544202e+00,-8.251895513720273190e-01,-1.469615670761745596e+00,9.125756564831585260e-01,-2.248363972339830319e+00,8.735938160701741673e-01,-2.101774820525924348e+00,-1.736254264359128996e+00,2.659866489676855572e+00,2.264639155593256348e+00,-1.753473845792584696e+00,-3.606346393021843344e+00,-1.014612077193311368e+00
-1.506265154241792636e+00,8.733199787566032768e-01,-3.008656406216017487e+00,-2.038500653721488032e+00,1.300009809454207577e-01,-3.586067701062257029e+00,-3.297524716377062237e+00,-4.000571548728428795e+00,-2.219700788583019779e+00,-3.375146019437485378e+00,3.706867954115328434e+00,1.905663328594357164e+00,-3.324172089334717750e+00,-5.499212217756196175e+00,-3.256306387516898493e+00
9.517514906443929057e-01,-1.466768141522155622e+00,-7.042990117745731915e+00,-3.344510990158431785e+00,-4.890133857089725700e-01,-1.836115965874881129e+00,-3.190048384324617903e+00,-2.913492102357387203e+00,1.456845039729766311e+00,-2.355996610334796237e+00,3.467896228978625039e+00,7.820897089897737020e-01,-3.449635616108667868e+00,-3.692383508536865033e+00,6.583840766618285212e-01
6.490722804836147608e-01,1.151940313924576964e+00,-4.841909489203996664e+00,-4.245501694724661768e+00,-4.127892708111234876e-01,1.862098906896936468e+00,-4.781194621219128638e-01,-9.250385904591542641e-01,-4.156979549450618983e-01,4.755778326709803605e-01,8.456996037936854727e-01,-6.475074341852918303e-02,-8.476836696536300675e-01,-1.511522096121865388e+00,-2.096930963120062330e+00
-6.505178527731834137e-01,-1.170288852313104311e+00,-1.158893758162251375e+00,-9.587082537459756804e-01,9.696642320046459096e-01,8.927360282854387430e-01,1.905848031113073146e-02,-2.702518177268193877e+00,-4.469467577437774786e+00,-5.505633789167145853e-01,-5.944234271691309246e+00,-1.206099713583810740e+00,-3.121957479547171843e+00,-1.777199417854525842e+00,-2.232389966411814974e+00
-5.606625739452234525e-01,-5.542869254025467596e-01,-2.080615731145243341e+00,6.638302015230831410e-01,3.751179333010092876e+00,-3.842290747098819459e+00,-9.590881566370966782e-01,-5.814415569577189302e-01,-3.485392618197818759e+00,-2.502830636327196601e+00,-1.184463408741904811e+00,2.786377015282376135e+00,-2.790172379817864590e-01,5.372591841500387044e-01,7.597249043205320795e-01
-1.943241630126697483e+00,4.125067936895173482e+00,-9.821987648229353329e-01,2.487047241447055246e+00,2.956316270075309838e+00,-1.744242099155222103e+00,-3.022883651466731769e-01,-1.324242950443677236e+00,6.340991732058651187e-02,-9.548163790375374660e-01,2.019901565336407412e+00,2.820458219347042217e+00,2.527934127188112168e+00,5.411518091503849881e+00,1.141570271241216350e+00
1.878356466149224246e+00,5.267479632940601064e+00,1.836984440822649445e+00,1.169790054101005339e+00,2.595877095834258519e+00,3.068209667431088139e+00,-3.369281906536720217e-01,5.691751476920626551e+00,-2.305212235610753224e-01,1.069614727704640167e+00,2.955845142714709439e+00,4.823727968647863462e-01,7.017073918382010778e-01,3.069081467994920764e+00,5.306431894996823662e-01
1.888063412878692393e+00,2.928355779271373915e+00,7.635644729000517827e+00,8.210815461575232677e-01,2.177491262137346784e+00,2.265719392509251584e+00,2.363609261806771222e+00,5.018358270779614827e+00,1.534667233282201115e+00,2.696619792073127186e+00,3.099671260476525081e+00,-5.552652314141580669e-01,3.571214110303186029e+00,-2.193517882789862150e-01,3.762890600769419169e+00
-6.393719673773554657e-01,-3.669556014041420067e+00,-1.247980364967279376e+00,8.169474363299068509e-01,-2.692459842570354311e+00,-1.379462803116228597e+00,-5.675577017856664463e-01,-3.405208131672211369e+00,1.375735932893408897e+00,6.949903389177526369e-01,2.428405953984122068e+00,-1.351620197206312435e+00,-1.676488667809051814e-01,-2.628475029389994777e+00,-3.319969802448746510e+00
1.476978666605178958e+00,-3.662856041544627406e+00,-8.380931803475636599e+00,5.446290882002976508e-01,-1.276379418231881724e+00,-1.828601509173653605e+00,-1.948852083510846378e-01,-5.358629943171929533e+00,-1.190226406975804174e+00,-1.947699741663335482e+00,1.493387953274976976e+00,-6.972804050926297847e-01,-3.332943792549223350e+00,-2.479824071062897595e+00,-8.029412676640315105e-01
1.607517058135013333e+00,2.177162926394799580e+00,-1.369284552302355129e+00,-3.241912999678853602e+00,-2.103436555942138408e+00,1.983717187051026176e-01,-1.865573126471020915e+00,2.246877998219665162e+00,-2.407647219168175479e+00,-8.115896966269047219e-01,-4.098446669853080593e+00,2.243757811492422150e+00,-2.114666302766357031e+00,-2.322398169495347720e+00,-2.889638722487054334e+00
4.025371046337750336e+00,1.739941493334734357e+00,7.480534874372211096e-01,6.971461573849031534e-01,3.959865521375220965e-01,-1.476052695087927802e+00,7.999915956033468722e-01,-2.470805348306719107e-01,1.354542762920420085e+00,2.548823098085012395e-01,-4.926625140862828545e+00,7.804012661818560126e-01,-1.710382928647723177e-01,5.098913124189696333e+00,9.412940688638924414e-01
-3.884965012860606137e-01,1.093135624212301149e+00,-4.994265304582201082e-01,-2.974638703954242125e-01,6.878058488948955995e-01,-2.193570557865619719e+00,8.673201760725816056e-01,4.767657913046672746e+00,3.215302639234982607e+00,-9.071718354445887922e-01,-1.277085577329697408e+00,-2.322776104417050569e-01,4.276395426388767129e-01,1.213135398607891879e-01,-1.721660844271771795e+00
-2.687339855607961958e+00,-2.549241097226520480e+00,-8.144152099750967544e-01,-1.106651501468263188e+00,-3.083808886690490247e+00,6.204399995831995085e+00,4.566243607237046587e-01,1.606201339098281444e+00,-8.408229426750138957e-01,2.109005043462715556e-01,1.709860407965987594e+00,-3.803175193266833620e+00,6.019961035061834886e-01,-2.158326062046247884e+00,-4.453535101072696456e+00
-3.742821705166079926e+00,1.304405510451410288e+00,1.143536082566323886e+00,-1.979294197318361093e+00,1.415128853771475959e-01,2.951930759771324020e+00,3.026763214698489968e+00,-5.125212799903753336e-01,-1.208720198935156143e+00,9.932223713636660900e-01,-3.687220288767178555e+00,-1.502946329554426808e-01,2.397705213429031534e+00,1.272879259684411291e-01,-8.552808750335276766e-01
-2.745317272764232097e+00,3.054023072100127578e+00,1.484142838450022372e+00,3.991133118105625766e+00,1.655028279381284273e+00,-2.051957042220684535e-01,5.388587527806346644e-01,1.923470435937495004e+00,4.389251709239335719e-01,1.787740491839759471e+00,-3.109773885596212040e+00,-2.614284259651207698e+00,5.238577096737719430e+00,3.715459222015617069e+00,6.516603142075756416e-01
-1.069902129582627870e+00,-1.679309987030586093e+00,3.712910390776281933e+00,8.295922736697172173e-01,-1.714072359332810436e+00,-1.386694422441602681e+00,-1.556657653941236452e+00,-3.560426510783075149e-01,4.313491317115212276e-01,4.592514872103294898e+00,1.143480303548140675e+00,1.583009049948744362e+00,4.219547078353383718e+00,2.473156003169451278e+00,2.204472538118250391e+00
-1.104183417484772001e+00,3.505129234413291606e+00,4.578325702776259831e+00,-5.594308863494438233e-01,-2.633417156521923541e+00,1.350495334587135332e+00,1.069026105955842576e+00,3.308587472121311546e+00,-1.096551738880413573e+00,2.933085463621861511e+00,-1.961336958535860320e-01,2.640561956839913016e+00,2.055680568834835853e+00,1.446342949126682376e+00,2.560620063926773327e+00
-1.734686349482069678e+00,-5.926925534781631727e-02,-1.629333485049128116e-01,1.397716035957595193e-01,-2.368158606597034144e+00,5.842516742251534501e-01,7.335246742809450327e-01,1.922385346365574899e+00,2.183858688906506362e+00,-9.983010889913628283e-01,-2.351145842395288565e-01,-9.166663813473365785e-01,2.386186628597732007e+00,1.241648072886953225e+00,3.266815558725566948e+00
-2.301490574036358649e-01,-1.093556954813101179e+01,-4.268124863048468498e+00,-3.991120792392445882e+00,2.319741220346875465e+00,-2.824648722115635557e+00,2.361599624001176956e+00,-1.205572503675451879e+00,1.656618634246656008e+00,-3.512375368935145570e+00,3.967587326552268756e+00,-5.076910328668196470e+00,-3.270412190120491225e+00,1.886483273697799001e+00,5.464856921875311802e-01
-3.968033652982808634e-01,1.948656525047391674e-01,1.554404714911082452e+00,3.118156645351157774e+00,4.191755697258138014e+00,-1.992416881397772066e+00,3.846174083818681422e-01,-5.568210735063622963e+00,1.883132404853821384e+00,-2.032331831317934157e+00,-1.007018081576775748e+00,-2.396710020039779288e+00,-3.674967982100064479e+00,-1.455297604361477815e+00,-3.711804812766506534e-01
-1.254835485552659113e+00,6.383484647620274899e+00,4.303472780646774076e+00,2.270543648253628088e+00,1.524404654469086351e+00,-8.818305507696216905e-01,2.839917594220616182e-01,-2.073306318930780545e+00,3.805330720838253633e+00,-1.857913722342954710e+00,-4.581972700654148412e+00,-2.363250047654660069e+00,-1.323300947765722047e+00,-2.863594568779078475e+00,-3.469016626016733884e+00
3.565354913878163723e-01,-3.352930087800369274e-01,2.147994613263338737e-01,-8.133984573509713822e-01,-3.026586457757257875e+00,9.594226545208920515e-03,-1.848685136321033706e+00,-1.563394178522590883e+00,1.085269153670833875e+00,1.608798694949505670e+00,6.957270091869185435e-01,-5.405733298654194385e+00,-4.954011404167433380e-02,-2.783443099589790304e+00,-1.672026132113233698e+00
-5.172746097862119807e-01,-1.034258566634196619e+01,-1.565140235403350344e+00,-6.150438316877949729e-01,-4.658803239396054785e+00,-1.857637789216588509e+00,-2.072893537997719360e+00,-3.680333185181954292e+00,8.452910201359979947e-01,-1.427910970871820284e+00,1.447545371385413837e+00,-8.845475357974993402e-01,1.903673413173874840e+00,-1.141130576208793768e+00,-7.508689711744113149e-01
8.983498892530766833e-01,1.244938405978859297e+00,-1.451073152024551449e+00,-3.053126737046541361e+00,-4.301875595534928820e+00,-6.040674235224480215e-01,-1.003815250318937036e+00,-1.122905769787514441e+00,-4.410789050596343408e+00,-6.077012796404221984e-01,-1.405043793985302769e-01,-2.076157602302100003e+00,3.972995626472547448e-01,-1.365234654836795292e+00,-3.516662273771861691e-01
1.080434260896226517e+00,5.764762048724547228e+00,1.736099401779908513e+00,-2.113021688149426591e+00,-7.209952431744645063e-01,-1.071481316682715290e-01,-3.179735294772723098e+00,-2.079532899683907698e-01,-2.433921944062708231e+00,-3.395221078098844103e+00,6.072436723148624260e+00,4.350860878952086397e-01,-1.105817173154653776e+00,-2.049968764364636709e+00,-7.430448115559025180e-01
-3.428646341917338525e-01,1.376499863582520078e+00,-4.887844706614489776e-01,5.276869290270006507e-01,3.901819892710840509e+00,-1.236741950648061250e+00,-2.513931719382721308e+00,-1.304727895029455853e+00,3.198406609500716868e-01,-2.394447817617797902e+00,7.200240576552645599e-01,-4.105538024238766792e-01,-2.274267988647585614e+00,-3.036788233011395444e-01,-6.618912296755672386e-01
-3.777037305404844503e-01,-6.310168792452224729e+00,-1.111008094818832781e+00,6.645513444162461925e-01,1.836305625873284608e+00,8.686989628246558626e-01,-1.430614085231127541e+00,-1.296118973900949767e+00,-1.623280004964916534e+00,-2.157212207386582925e+00,-5.445139808015361460e+00,-2.254955482794005484e+00,3.687621710882872383e-01,6.700751283049657392e-01,1.004482920760211062e+00
8.302444842665782643e-01,1.501239759657608808e+00,5.289237792175380370e+00,6.633846400205705152e-01,4.913598707252870776e-03,1.389564023345105648e+00,-1.464176039639730975e+00,2.908421393837538727e+00,2.653316666743559260e+00,-4.211662561181146736e-02,-1.831636307121531804e+00,7.440516386016963191e-01,-3.358808215507803618e-01,5.638922199945796132e-01,1.054309744162622797e+00
2.062924078808905104e-01,4.903806000231091033e+00,5.387241103686645438e+00,3.216730258150561905e+00,3.508887047634764222e+00,8.834174547779566344e-01,1.459167560221537263e+00,5.268908889171008525e+00,2.657017190233349702e+00,2.744109231088536216e+00,1.826374154319587939e+00,-2.981421834392222192e-01,3.276392900850489287e+00,2.055855106083009698e+00,3.961917277225659451e+00
-4.916823981034499358e-01,4.558706450938172949e+00,3.552130040399276822e+00,3.906964031937414372e+00,2.100994046566184270e+00,1.206389915440398308e+00,1.369370653607257404e+00,4.492645019651190452e+00,-2.402472672548053634e+00,-8.577509128026803431e-01,3.765091302735024126e-01,1.428320447123128334e+00,1.556124695304691219e+00,3.675529446361661901e+00,1.543897259268268929e+00
1.069220563542898850e+00,-6.159849185717525266e+00,-2.469594266977050090e+00,4.927188151710257813e+00,2.126057553464146377e+00,6.514168691694579572e+00,3.823975325609450859e+00,-2.911097471881712639e+00,-3.704787063402466885e+00,1.935794293806733624e+00,5.018810385785560158e+00,1.920590011460661106e+00,-3.099603418023276102e+00,-2.880956983115670500e+00,-5.705831445181507311e-01
5.082807284726879038e-01,-6.528759064096975040e-01,-5.148826597391127358e+00,-7.115503565894672200e-02,-9.648607915969348303e-01,5.182159530303293238e+00,1.009101498009616238e+00,-3.186274519756725265e+00,-1.567629370749825890e+00,1.543387434585023588e+00,2.665754327510555743e+00,7.695454079124343094e-01,-5.551443051048899235e+00,-3.510786401074240004e+00,2.332224524491192330e+00
5.258796475684410221e-02,3.587147742590328647e+00,8.116656527163594870e-01,-2.522215984211710005e+00,-5.300573551722098209e+00,3.249560660392480482e+00,2.043807915227703553e+00,1.128624872716835315e+00,-2.713898851483517838e+00,9.145275548739362215e-01,-6.194294875724613014e+00,-1.681730991172453393e+00,-4.367604731107571858e+00,-3.384540446914646949e+00,2.573941907489084358e+00
-5.681545149632863390e-02,2.981791049746003175e+00,-1.895962803479216197e+00,-3.917841840101703887e+00,-4.223228025119834861e+00,2.290421494098742183e+00,5.457800950249859229e-01,3.160114462133430280e+00,-2.406547027275518225e-01,-1.381576365901212355e+00,4.467164195667036708e+00,1.601848539684820993e+00,-7.862158294374614886e-01,-4.417487477626363263e-02,1.600650366036059147e+00
-7.175485273249506690e-01,1.608679222946251208e+00,-2.010377037860859417e+00,-1.281845830921085616e+00,-8.481039895294594233e-01,-2.331205199401035877e+00,-4.459137776731764702e-01,3.115907141600994912e+00,4.233795495573525192e-04,3.374115823766632882e+00,3.787795991515995553e+00,1.842465061866811915e+00,2.194065202651442059e-01,6.427854350644506276e-01,-8.852693788323386936e-01
8.315540888410706266e-01,-1.228501676141712906e+00,1.210855474473976345e+00,1.686948491374982373e+00,3.951151620436111678e+00,-3.348594873991946219e+00,1.814232964989249908e+00,1.469148996126052653e+00,1.862733089047764468e+00,-4.147795946789928911e-01,-8.379648283552809218e+00,5.686021608015045636e+00,3.187112027739248621e+00,2.468760254095423878e+00,-2.322348597920687929e+00
1.026554690334265718e+00,6.239944456106682580e+00,2.104933614141511367e+00,1.180923271752725823e+00,-1.444727562924640996e+00,-1.230341034811915479e+00,-1.998222376522916122e+00,1.742391759333747236e+00,4.322008164320540580e+00,3.711589886777543756e-01,-6.100756152497726958e+00,1.970454717156761681e+00,1.806231686191287711e+00,2.530985550858209532e+00,-2.610252468020792360e+00
2.316319485983349136e+00,2.341442210150870562e-01,-1.216545755377522520e+00,-1.065645923372085413e+00,-7.940354631767473359e-01,-3.835204734285931671e+00,-7.632853725228768704e-01,-8.634221358590032924e-01,-5.370525736089549751e-01,-4.924480165112328500e-02,3.963737060398632717e-01,-7.325347667565645926e-01,1.092824268441825453e+00,1.497240135375783598e+00,2.830986076621204273e+00
2.606113837749346462e+00,-7.634096909172060741e+00,-3.319437787586864808e+00,-1.841932199838783646e+00,2.495245492947102406e+00,-1.642809584480763307e+00,-5.673711540515334883e-01,-2.948889158861733417e+00,-7.660206121609490770e-01,-9.807459360719315011e-01,-1.245426051384983301e+00,6.352606263036350565e-02,-1.473879521721863650e+00,-1.264672517010243524e-01,-2.399850322213401554e+00
-1.552402955534519347e+00,4.548330810826619053e-01,-3.364818125499455248e-01,-1.536061984030183014e+00,3.077112392140243902e+00,-1.091050025812421387e+00,-6.053437424234685560e-01,-6.530570749193367774e+00,-5.854513814189748366e+00,-8.159160441207387315e-02,-6.558185989317214526e-01,2.589360263257149075e+00,-3.357832357328032202e+00,4.398564079726386744e+00,-9.040498327446546550e-03
-1.239396266814320191e-01,5.946417672293426548e+00,2.427132246910100655e+00,-3.284722610363844386e-01,-5.106270392259304458e-01,-2.327175931938343378e+00,-1.148409561845470384e+00,-1.424968878458746868e+00,5.308000029378678875e-01,-2.056248624748837184e+00,3.458500568952864729e-01,2.616577422860855151e+00,-2.824376821024922601e-01,9.624551127632827718e-01,7.715533445790599965e-01
7.928197215877901272e-01,-2.603731981804934481e+00,3.184555353256631083e+00,2.840641918253504761e-01,-2.262094027923908790e+00,-3.573575998046967239e+00,4.121445232075345300e-01,3.566483333777908715e+00,1.181674832403064368e+00,-3.017748257574344103e-02,-2.786487119746464902e+00,-2.654760354975071568e+00,6.880379864994319306e-01,-2.114878416985916942e+00,-3.954463870197086339e-02
-1.795949432177967431e+00,-1.707872631811270470e+00,1.967038019443412500e+00,-7.783683110779427983e-01,-1.497132671504388446e+00,1.299235707056257239e+00,-5.823309859441833103e-01,-7.503709066593111654e-01,2.133046594346561242e-01,2.525962313915220747e+00,-1.860926427846033793e+00,-1.650388589136856377e+00,4.133395839009181838e-01,-3.787739762751017647e+00,-3.920941962491596655e+00
4.249784770016748481e-01,7.922206008416642575e+00,-1.029665105352062016e+00,1.255318816998825859e+00,-2.593706141715614311e-01,1.323866628378137511e+00,1.293716056470416875e+00,-1.411253954812208944e+00,-1.125074826077905543e+00,2.559550523824689172e+00,7.960126274759733445e-01,-1.311140080997816870e+00,-6.681780159182562073e-01,-1.507549140290487921e+00,-3.075184793963121610e+00
3.247703753766415513e+00,2.810696200853319837e+00,1.830477860249647426e+00,1.110361002216684323e+00,2.464962532949165619e-01,2.832476382011026583e-01,2.030665421670929671e+00,1.017015176750466265e+00,1.250564162482568520e+00,1.177987058195284042e+00,2.561726284805071696e+00,-1.064965314151029352e+00,1.162315022522380392e+00,-1.214531356588107514e+00,-4.179589635759528021e-01
1.202494156025817773e+00,3.254918586879894882e+00,2.186342644959424319e+00,-4.970782063607654400e-01,3.034437874047301253e+00,8.422998614354691993e-01,3.900801028876341725e+00,2.375338304630273623e+00,1.557322464428585684e+00,5.756123825338414768e-02,-6.169353263337069848e-02,2.841024035457281993e+00,1.513062814209880091e+00,2.007545408611033810e+00,2.878634669395398138e+00
1.337116675681328193e+00,-3.233617315869788400e-01,-2.347369570692503071e+00,1.166625298059532412e+00,3.305524471333661785e-01,-7.777597850281253722e-02,4.804633352767190502e+00,1.718449150274157455e+00,1.227052036777399380e+00,9.476969561765503647e-01,9.582696284880187765e-01,1.690919531158070921e+00,1.711862857057169507e-01,2.203610678495791841e+00,2.265381550134904387e+00
-9.390447866539244348e-01,-4.752896249349050528e+00,-1.558145028672745624e+00,-8.181693751677654447e-01,-2.089020194499136007e+00,9.987270229489456641e-01,2.680995589386648170e+00,3.621460091442656459e+00,4.104553546855404633e+00,3.834766801464519315e+00,6.017985459491397293e+00,-5.504719270872886483e-01,1.709344061928928848e+00,2.235945702264914736e+00,2.330393820526763360e+00
-8.406916317107817616e-01,-5.006284900599904830e+00,-2.292606434137605120e+00,-1.449882794279542919e+00,1.913836446382574941e-01,1.849622242294059582e+00,3.222280796541389769e+00,-9.594636532082951863e-01,2.582906662542561183e+00,1.460814982383334071e+00,6.978782503073323262e+00,-1.320295188409887244e+00,-1.999842863852848929e+00,1.109018911545713637e+00,3.572402818738647401e+00
1.215892358022240938e+00,3.817184505968575614e+00,1.750408791801209896e+00,-4.244005348307418324e-02,2.529413015402713238e+00,-2.356358227280075379e+00,1.327430850194073697e+00,4.541518941483972949e-01,1.266520293658319529e+00,-1.834490211207979726e+00,-2.798510928588001101e-01,-3.690752273723903465e-01,6.473612439450279199e-01,-1.794908923508132248e-01,-1.377054374726845776e+00
-2.423332734032075830e+00,3.859498376420095744e-01,-1.050091659595925875e-01,-1.864193046362820017e+00,1.833869180794802878e+00,2.659026081261278485e+00,1.202431382675380744e+00,-3.043794319647139535e-01,-1.969967306185467004e+00,-3.634303951074747130e-01,-6.625028151825087086e+00,-2.536259137616316828e+00,1.717355407601604211e+00,-7.684959136796845058e-01,-3.473139807490650099e+00
-2.883426898572757580e+00,-8.728005036481377488e+00,-3.155831685979117118e+00,-1.423303988190345593e-02,2.057648575098792065e+00,1.639832560752209512e+00,9.782938340252645970e-01,8.846097294187986737e-01,7.581969052082968563e-01,-1.717874767275474335e-01,-2.831921538889743406e+00,-1.973230938306522297e+00,1.939342201818004652e+00,3.004760885481701393e+00,1.324761600899149461e-01
-2.784678017497574043e+00,-5.316695757981694470e+00,3.427764664861723820e-01,6.981138230705749015e-01,-4.749659236297493203e-01,6.667738447849215211e-01,-1.873493500452033222e+00,-1.496262856549735787e+00,1.742778736316385357e+00,2.216737328460557599e+00,7.438975729427659278e-01,-1.165292765737266478e+00,1.753498989174025358e+00,-6.081328065476090394e-01,-1.869477787226367024e-02
-1.111906464250091986e+00,-9.086815490562827335e-01,-1.829026776280178845e+00,2.214439673158861699e-01,-2.299679943775034818e+00,-2.341690069980766786e+00,-4.262323377547668102e+00,-5.879551683462674205e+00,-4.637522789861012740e+00,1.564365764915378154e+00,-8.691487204501635588e-01,3.474957628433895884e+00,-6.996001989864025772e-01,-4.490146832389014797e+00,-2.686898736008787925e+00
3.005839639009566522e-01,-3.832005610800467199e+00,-3.788290649985308622e+00,1.307344025942493548e+00,-2.226400091638010448e+00,-3.467950997621052078e+00,-3.676826126743723666e+00,1.066414184202208792e+00,9.603517729412237580e-01,-2.965709998608379916e+00,6.145865627896803796e-01,-1.130543072181418029e+00,-1.033820006384659429e+00,-2.492006509776652834e+00,-2.530726807054474392e+00
-3.296803606224293581e+00,-2.596923247357750153e+00,-4.480404932070029211e+00,1.687214572951914793e+00,2.517642586110548475e+00,-7.281744880964325928e-01,-1.184480681101252264e+00,7.949850359740857630e-01,1.584919240236914550e+00,-1.112350720900410650e+00,-5.594696266675485141e-01,-3.065574283431155567e-01,7.939627912996007897e-01,1.024610671748870661e-01,-1.049330524202482628e+00
-6.555530502840488660e-01,6.567111812839937501e-01,-2.427236114746969875e+00,3.624617785297462369e+00,-2.872303820717898581e+00,1.243116720762872385e+00,-4.152787942016793465e+00,-5.575301025343657457e+00,-7.623594234252168977e-01,1.667776383746116586e+00,5.041268320967978944e+00,2.160890527822085794e+00,-1.005658204591198368e+00,1.630634469566165090e-01,2.480093400405935622e+00
-1.247142181354725654e+00,-7.677305303592675267e-01,1.811527958556695017e+00,-9.455457146196053486e-01,-3.384268179276439970e+00,3.694810186938762175e+00,-4.515429173516863237e+00,-1.093181252110636992e+00,-3.152018849516989629e+00,1.446534331097109605e-01,-8.379502116262103062e-01,2.829829717723043814e+00,3.351896449712477022e-01,2.778915194251220799e-01,-8.547112586487719543e-01
2.653368424303986783e-01,-4.557062109286796336e-01,1.880152827041899899e+00,8.546182526170232885e-01,-1.311869698883273205e+00,9.934022801879939246e-01,-3.943294591406026672e+00,1.549088865211807997e+00,1.033139911157161306e+00,-1.945217244776118681e+00,-1.049962245766902669e+00,1.190112449581554876e-01,2.470888185113202962e+00,-1.741940151607169529e+00,-5.098933220734223504e+00
8.616248827578614211e-01,1.373340146426199615e+00,-6.935721967959593837e-01,3.975138273111270770e+00,-1.069279291135194709e+00,1.425472467185512793e+00,-2.418266338798734871e+00,3.544519110318570920e+00,5.757699635669501603e+00,7.658373405599689931e-01,-4.580976276941747805e-01,-1.176345787780535668e+00,9.299797096828503751e-01,-3.019979129372464488e+00,-3.205074785014498939e+00
3.927368620283908096e-02,7.169620765384074890e-01,-2.145571436643767704e+00,2.202045756738578941e+00,4.372810757484716371e-01,1.478451499230616362e+00,-1.513319994267210866e+00,2.585069366033066807e+00,2.990546838627340165e+00,2.333533396370113699e+00,3.315573408764418972e-01,-5.863814259846003907e+00,4.077944967731063630e-01,-4.636315407124136923e-01,-5.466814869629630369e-01
-1.147696483281196889e+00,1.237735047212546569e+00,-6.467093117350664055e-01,-2.257142339373144679e+00,2.766738321860814587e+00,-7.441734242831213875e-01,-9.711287353049858906e-01,-5.487253830792692355e+00,-7.551091647727961043e-01,-2.914151504859718300e-01,4.650629445524152583e-01,4.553217918326836755e-01,-1.312984439277949944e+00,-1.303694437486800251e+00,-5.405397182757576413e-01
4.022502255559948781e-01,5.061387431011962201e-01,1.282245427394359538e+00,-1.221745884599258369e+00,1.757907018526575049e+00,-2.888009853630969737e+00,-9.157857997481768653e-01,-5.702863503092169495e+00,-3.183669858788948037e+00,-4.341776681105192104e+00,-3.345620114777357657e+00,-1.116365224965460090e+00,-1.076278919564785053e+00,-2.082450942263123217e+00,-4.965521233884899188e-01
4.529195813598949627e-01,5.190684266730649643e-01,1.670064961466410480e+00,1.580200397975296323e+00,1.133740798069402950e-01,-4.209921857960523539e+00,-4.129367672289647295e+00,-1.048882385831722663e+00,-6.701436732615529301e+00,-6.225107168606212049e-01,5.190959624890455260e+00,-1.768906935769045230e+00,-1.506261904971519794e+00,-4.769770104188658100e-01,3.190921599317614987e+00
1.457841316982603663e+00,4.946685538596265475e-01,5.131789014185419440e-01,-1.661020664093438626e+00,-8.932883223750752721e-01,-3.296649036716080339e+00,-1.715723088902457283e+00,-7.775697530771863430e-01,-2.816534467432830091e+00,-7.196357528328340969e-01,2.507705316528703765e+00,-1.734700193197401985e+00,-6.203815618244946650e-01,3.050276827446098404e-01,1.791647106185770388e+00
2.289002723850587007e+00,6.369360230421701186e-01,1.407727122351514648e+00,-3.324958834007126995e+00,-2.748104978113250940e+00,-1.760985241275824231e+00,-8.189402901306589433e-01,-1.536799861538297174e+00,-1.978563953368185802e+00,-2.008328831358549227e+00,-6.076018785606273731e+00,-1.692990675125512601e+00,-1.170767392017064701e+00,5.242857885781286864e-01,-4.977881147164686104e-01
-6.320416971492932579e-01,2.986322702332270929e+00,2.355774536592757595e+00,-3.139081835013245669e+00,-6.742045175862431128e-01,-1.997486863554859715e+00,-1.447348728730614154e+00,8.978614361286640921e-01,2.282099512137889974e+00,-4.576530085996060926e+00,-4.144698144421649633e-01,-6.229087743411566569e-01,-1.023899242400619691e+00,-1.531115296618037691e+00,-6.744762010426419430e-01
7.078682702367288249e-01,-5.362461801488321855e-01,2.030070466487623904e+00,1.442278131891264303e+00,-1.969567156750278825e+00,-6.226276981401194233e-01,-1.361087753022160340e+00,8.726201870844887409e-01,1.466276462229619160e+00,-1.188390612462911111e+00,7.060328435519954704e-01,1.373859952548543539e+00,-1.326842852119375082e-01,3.239120109478982101e+00,2.069005651691415704e+00
4.940913142555019566e-01,-2.604402366463956509e-01,-9.046095736058117343e-01,-7.867972989727834987e-01,1.454262282678522755e+00,-2.379493299894267277e+00,-5.849518681312028123e-01,-1.671762057150789349e-01,6.599620244126622737e-01,-1.787468998026958467e+00,-1.585288089830773628e-01,-1.411260770717254642e+00,2.536406038337771562e+00,1.333030692519399096e+00,8.163904764381588741e-01
2.598578549640971347e-01,-3.258781035164178275e-01,-4.112870617853767174e-01,3.707317420630448446e+00,2.770574796158644659e+00,-1.194067960424821440e+00,1.072921148655581414e+00,1.122013720698878503e+00,-2.590710632672449165e+00,-1.057117022850736276e+00,1.830516633256601633e+00,-3.353572157767248929e-01,4.130315677862176571e+00,5.818166481247433630e+00,2.924715714830650182e+00
-8.873319912577973256e-02,9.859191703935672457e-01,2.121525019675039925e+00,1.014782568142069685e+00,3.116154782638043130e+00,-1.515778466428003624e+00,2.835543305333931841e+00,3.487486859356487390e+00,-1.081567029694833204e+00,4.750860339340904903e-01,2.649825796860550420e-01,-1.066745576995001971e-02,2.149117167129880546e+00,2.303022967554629652e+00,2.902295293236904161e+00
3.960731717183275880e+00,3.626439196477341476e+00,2.941506753732029633e+00,-3.951618312614554540e+00,3.327945429188884585e+00,6.331139584441841661e-01,4.577774983577132528e-01,2.607370145362040592e+00,-1.076987201289728580e+00,-2.362566828041593237e+00,-3.300201040312752965e-01,7.788392286414678178e-01,-2.190489681678113865e+00,-3.557392765974593640e+00,3.990912759957917277e+00
3.556529329146589813e+00,6.398960127893017491e-01,3.847867309869106717e-02,-3.344934781736919494e+00,3.637050316750442658e+00,1.580226439211057654e-01,2.823786235757499430e+00,4.814112420572804751e+00,1.547184338395014347e+00,-1.053864473853055594e+00,2.767736782098377368e+00,4.741940872174714161e-01,6.799930542280995249e-01,2.655071069496163783e-01,3.861322385107216260e+00
-2.401261097707497516e+00,-2.228582614901132075e+00,-1.477737888343483991e-02,1.178460588899487238e+00,2.526760777234437594e+00,1.208149117043004539e+00,1.562977572656883973e+00,8.173517230782525456e-01,3.229964407586285446e+00,3.805526767623841899e-01,2.881171980591825665e+00,5.637843299781408746e-01,-2.613580143398636091e-01,5.135835206296592848e-01,-5.893951624306097425e-01
-2.819600756592153257e+00,-2.530332667959041548e-01,-5.116335778624490072e-01,2.003383429990059916e+00,1.547821720624743547e+00,3.217230353542491539e+00,3.296442833064193501e+00,-9.000169091411331923e-01,3.728718492166696930e+00,3.527671069351560273e+00,2.405138983920435791e+00,1.132576957315175159e+00,-4.902135645583450829e-01,-3.829860172902471160e-01,-3.643705963668236070e+00
-7.604374495252985700e-01,1.867309835383933025e+00,-1.930978570413177109e-01,2.887531937052652542e-01,1.687464233429039728e+00,4.682465248326379559e+00,4.274771552370560279e+00,3.678553833155147057e+00,2.971911134605259353e+00,4.120131963676784359e+00,-3.351549670628613864e+00,-3.661174806998861997e-01,1.297629628933755497e-01,4.389461675280228015e+00,2.939357406325844857e-01
-1.520514224879186305e+00,-7.670659324802461265e-01,1.952631101931478375e+00,-2.140966472802031451e+00,-5.852536907709838809e-01,-1.808756661686530473e-02,3.550871192125220510e+00,1.416666970244686796e+00,6.458928166445703223e-01,2.708735359711280655e+00,3.605097298604683864e+00,1.116866289225423525e+00,-8.457315850790135814e-01,2.403245421458841680e+00,2.034290253755819844e+00
3.873868467616171873e+00,4.072586921062527843e+00,1.479399273864505648e+00,-1.899691527973203398e+00,-2.543669536082456606e+00,2.450827364890877380e+00,5.765754857502186859e+00,3.501712546297135464e+00,-9.720042165203600648e-01,6.889184410495972077e-01,2.599383934427745402e+00,1.547152879520582891e+00,-7.491245371609246417e-01,-2.826770213312404856e+00,1.476017128969939307e+00
3.065824494064195438e+00,2.735129961275830079e-01,7.772502062604706996e-01,-1.814076787148407588e+00,-4.005403709585877436e+00,4.885249169517028811e+00,5.895382229050954770e+00,1.767251928474184774e+00,-1.511783314371604625e+00,-2.898583198660275445e-03,-2.836823148181927046e+00,1.030604186413541346e+00,3.844085419648974433e+00,3.734287506531644762e+00,2.787709819755024299e-01
-2.540671179549371939e+00,-2.450507595538549133e+00,3.202193936167331501e+00,7.708220992142707229e-02,-4.982228697446992705e+00,-2.578617734305538978e+00,-4.895255804003435518e-01,5.726413624269590663e+00,2.597523397272497814e+00,-1.379307918248349862e+00,-5.602418890662915985e+00,-4.797888633858345409e-01,4.976616852518982448e+00,4.432252650751293821e+00,6.631677701428576044e-02
-1.506955768829421283e+00,7.394978724817764526e-01,1.860323876683521505e+00,-1.297583170800604979e-02,-4.819329508879092394e+00,-3.673063882666336433e+00,-2.596589763382218585e+00,-2.874173139025347212e-01,1.477531374558023636e+00,-2.113808853676013566e+00,-2.300059171696716476e+00,8.848789039855982086e-01,3.348603135311817081e+00,8.460301006869075380e-01,-2.132247571334607628e+00
-2.767153630983948620e+00,1.620380123484690849e+00,-4.224614600889716520e+00,-1.040700902311348486e+00,-1.653671491838240026e+00,1.185886739295593406e+00,-1.276160337699801861e+00,-6.730290160156490842e+00,-2.829426817841435682e+00,-3.705665811848844360e+00,-1.610930342383715352e+00,3.195915566177980338e+00,-2.288351387224206945e+00,-1.406267537665643941e+00,-4.356239229037456084e+00
1.999559820223645090e+00,2.683304082407071078e+00,-8.469884871184549802e-01,-2.313200105367532622e+00,-1.478138916403058500e+00,-8.017205216299810866e-01,-1.458223977042365282e+00,2.270470588313704852e+00,-1.838499112721050155e+00,-2.026717016190054732e+00,-2.417472740673781928e+00,5.310461422215578153e+00,-2.928100937379424007e+00,-2.402740570844259071e+00,-9.496191973900405259e-01
1.964202432530441633e-01,2.687389333969113503e-01,2.632804395958267651e+00,1.085488252192272629e+00,9.216543771346873415e-01,-1.916023550156509936e+00,-6.855249730633764527e-01,-3.163719945715289805e-01,-4.694044808912584132e-01,1.082137459801021828e+00,1.069877232499207714e-01,5.205673030509895272e-01,-2.513372853499602488e+00,-2.364756229629814133e+00,-9.990898210556973247e-01
2.640606585891049463e+00,1.799387295076464000e+00,2.489461413519813426e-01,4.158416329460934868e+00,4.163753888430977490e+00,4.743332021548247734e-01,-3.026290271476498872e-01,-1.330680739193327078e+00,2.757256751666406824e+00,5.797935739639679120e+00,2.376690352758425107e+00,2.714193175923457768e-01,-1.459784462526068527e+00,-8.608876067182134051e-01,9.891906097802922737e-01
-2.622560845125621043e-01,-2.740067872323693532e+00,-2.065257340167175215e+00,-6.647126297392010053e-02,8.349086129587174332e-01,6.315690495726890674e+00,3.167995010179692983e+00,4.286673256124323927e+00,3.950198813448876578e+00,1.437516493759195102e+00,-3.762353599618954547e+00,-4.934219414728494013e-01,2.634662060854127130e+00,1.963364334424650554e-02,1.079193838830085461e+00
-1.645272247445696001e+00,-3.038626287278123339e+00,-1.753356017793649357e+00,3.659197310329810104e+00,-7.542715171244529504e-01,1.917354816874937251e+00,4.440811545785591008e+00,2.748278384875892488e+00,4.027628473302534040e+00,2.502636014320979818e+00,-1.310904580732185076e+00,3.330850489529742386e+00,2.350750218894882837e-01,1.479633149618179155e+00,6.966991476336874545e-01
-2.413881228867864159e+00,-1.351187903663511491e+00,-1.443427553201945157e+00,2.010133269490769869e+00,1.224326853074569232e+00,-2.095336665543947152e+00,-7.391198392879281265e-01,-4.040204876153870472e+00,-4.383379230468539944e+00,-1.568577830913748583e+00,3.124953099370399112e+00,1.254252200975792375e+00,-1.803595393054057583e+00,3.441729387082216096e+00,3.630150294350711793e+00
-1.210082296576907801e+00,5.468936506091003125e+00,2.614974110959060738e+00,6.679132165477656702e-02,2.178765337395518031e+00,-2.866352632107296294e+00,-1.908657575027915554e+00,-2.068716553856602580e+00,-5.632771442818199858e+00,-3.987759945362810310e+00,4.526035525320496689e+00,1.208858275063813492e+00,-9.790526898601130679e-01,2.780078016161021903e+00,2.021930520640393691e+00
-2.099641389113358347e-01,5.324604080215371571e-01,2.011733743759859028e+00,-7.957958747059525884e-01,1.742879135705568183e+00,3.926666336725361806e-01,4.526547728729974018e+00,2.609089075710832706e+00,8.338411518800077360e-01,8.007588752480990779e-01,2.115946826855271468e+00,6.413447304829762441e-01,-9.141286569118637351e-01,-1.297603239649911089e+00,9.100907381498493653e-02
3.916187947639049316e-01,-4.002774237615025044e+00,-2.747700088631398696e+00,2.031458844284357301e+00,7.959703873056657164e-01,-3.454787727044804635e-01,9.843494117264967036e-01,-2.659421459391823728e+00,1.854310080577463493e+00,8.441917090540747015e-01,-7.405041241461124635e+00,-3.052214954670622760e+00,-2.337638044052905428e+00,-5.450632393447856217e+00,-4.846053379294574803e+00
1.771107515778500008e-02,3.523386082429096899e-01,2.742680142344752880e+00,3.169972188344388986e+00,2.322030433035101316e-01,-1.185875474697748899e+00,-2.589376367856111472e+00,-6.002596186841041792e+00,-1.258166219168594280e+00,-9.499077028553204460e-01,-3.090218017055138322e+00,-2.717305268556000630e+00,-1.983705734378095720e+00,-3.624507355901579242e+00,-2.333777994984027604e+00
-3.292135440435597804e+00,9.155606795366632022e-01,-4.543021147492563583e-01,2.156297354737122807e-01,-4.119932889665893327e+00,-8.030499880799024659e-01,-2.808492856903288537e+00,3.864954333017014410e-01,-3.525151920781354420e+00,-7.943999773519725416e-01,-9.253718346598978073e-01,-1.464346347536375381e+00,-3.027077513109409868e+00,-2.521472885597678459e+00,-1.903657874935750671e+00
-1.238431845127173192e+00,-2.595190761953281466e+00,-6.031792468931429063e+00,-5.034748446146811496e+00,-4.838343891345650682e+00,-1.373017120126119872e-01,-3.562881975534740953e+00,1.438526793641790258e+00,-9.417791902692279615e-01,1.250632736207561768e+00,-9.509895243782497953e-01,-1.490099697901125619e+00,-2.226250278346789013e+00,1.047346594316960200e+00,-1.590678282688162248e+00
-2.217785739022531288e+00,-2.571946820360762609e-01,-2.327255662722671037e+00,-1.822112357302360319e+00,-4.737809516238020713e+00,3.990774227589179990e-01,-9.455334061666461620e-01,-2.063707337944984399e+00,-2.021267191360924365e+00,-2.748069017532241420e-01,-2.441654329184506533e+00,-2.308622034464242301e+00,-1.244867038804111647e+00,-1.533667263527416891e+00,-1.008272117895126774e-01
2.420674362957480064e+00,2.919392851835643121e+00,3.379848340938715334e-01,1.775998542498153365e-01,2.182064832653384912e+00,-1.540238173849383996e+00,-1.623665117216382736e+00,-1.686413582776990772e-01,1.758989979420540750e-01,6.944168638991807807e-01,1.126745243906713601e+00,1.051599670846514067e+00,-8.912270606880080548e-01,-3.521413227368622945e+00,-1.089135839980137632e+00
2.695437105591093729e+00,-7.841941050846157335e-01,-1.431218873251641766e+00,1.446005321142832756e+00,-1.294178820245850403e+00,-1.000082647794551693e+00,-2.251972168057581491e+00,-2.185864060374672846e+00,-2.701400067711515085e+00,5.408224346198330146e+00,8.265538295510207467e-01,2.872027694790824648e-01,7.985441842454819028e-01,-7.039229095971948347e-01,9.549197684263648345e-01
2.620105297730548899e-01,-1.892263838137601795e+00,-1.629749702987154381e+00,-1.555902698418650809e+00,-1.519080026581283382e+00,-5.319325930613595377e-01,3.493610913413855434e-01,-3.695323851196486320e+00,-2.839789132516199022e+00,9.003499855096692706e-01,1.504325822839534532e-01,-5.492363678630975965e-01,-3.243769759091565508e+00,-3.229954896030014511e-01,2.236367393505573897e+00
4.416164073870793239e+00,2.848479682486116715e+00,2.996952598257862088e-01,-1.431188830296378223e+00,2.342682605931376560e+00,6.059554011265644302e-02,-8.989762309939491880e-01,-2.220415739440996461e+00,-8.028894814277653946e-01,-2.161892283474718734e+00,4.431431078435556614e+00,-4.279195843668879840e-01,-7.654737327316191164e-01,-7.076380102033534847e-01,1.939737398749944663e+00
1.605636350322783290e+00,-2.378118791731884230e+00,7.391607672915317950e-01,-1.196437440574616567e-01,8.482937589636125805e-03,-5.793718062520202272e-01,-5.189117881695312073e-01,-1.232105823894173557e+00,-1.226666189168960530e+00,-1.823543339322523327e+00,7.535081110123258874e+00,6.748672119225795907e-01,3.135175435453902981e-01,-5.899476456555226012e-01,-9.149180413285633584e-01
-1.886946322931670306e+00,-5.130864230354942102e+00,1.988377814176413239e+00,1.214849209355977289e+00,-7.634466226462811589e-01,4.122629409935850697e-01,2.718285416279310418e+00,-6.560244748041685892e-01,2.174405094382261261e+00,4.068170717939950443e+00,-2.099409402983021256e+00,2.766112244723472724e+00,1.026401882965847889e+00,-3.271232731078082545e-01,-6.931128300442697121e-01
-1.772271437653293091e+00,-6.737099763181061962e-02,2.985355405387733363e+00,2.455345787042249039e+00,3.839804586036100975e+00,5.233144698847052467e+00,7.908698555163705679e-01,-3.545578798510505558e-02,5.266257863682337614e+00,2.650002879069928152e+00,-3.717424932226334633e+00,2.266102641912146165e+00,2.670036036069903584e+00,1.811194880335041946e+00,2.137113231528378066e+00
-1.414715643267997036e+00,-3.977410826308062086e-01,4.788895621716310558e+00,6.890252052253553749e-01,7.331009922712620197e-01,-8.243995836196130744e-01,-1.261268387116460055e+00,4.004369932286476086e+00,3.792376373200272877e+00,6.871156849508565367e-02,-4.179789441081864232e-01,-1.591637993592479594e+00,4.303405997319167398e+00,2.982079921529039002e+00,-1.709785146293164804e+00
-1.155564005949261563e+00,-1.540664170702558788e+00,8.726258498440839784e-01,3.332121883588452516e-01,9.969892688337229636e-01,1.508280027751751184e+00,-2.746037688491320683e+00,1.896798547001047608e-01,-2.155551504413463881e+00,-1.969185419134099835e+00,4.083052093483248157e+00,-1.816439003334210822e+00,-8.055075971303453652e-01,-1.269070216578862542e+00,2.284311719075103664e+00
-8.625038633454058523e-01,1.518534107085077745e+00,-1.853656120176972344e+00,1.662179067564522050e+00,1.857830620975116975e+00,5.440324692787048555e+00,1.103202124594903744e+00,-1.507826200249009041e+00,-2.741266963859232408e+00,9.411634489719661323e-01,2.257004454555953998e+00,1.036149925470181365e+00,-1.721460550685169899e+00,-1.342769227962891110e+00,1.545411079232561768e-01
2.459820967113443224e+00,2.325217137506954579e+00,-2.926991125442131025e+00,-1.043219752872886819e+00,1.876251539991658168e+00,2.173875573551522944e+00,2.588358440234954649e+00,-1.439271321661931946e+00,-2.287120942099575949e+00,1.453681416337966326e+00,4.195179309650017285e-01,-1.661747344057378506e-01,-4.842128935519222216e-02,-4.440417249627691132e-01,-2.198383011728082703e+00
6.634497433606201255e-01,-1.804656820758984148e+00,-2.676060547204964557e+00,-3.366793664151045973e-01,-1.159124470706369925e+00,-2.097106824910217604e+00,-7.398334752965330940e-01,-1.999087915260175263e+00,-1.058929759521457514e+00,1.835308719052756388e+00,4.057599036577013152e+00,-5.315175003500856032e-01,-1.430240429384189271e+00,-2.335295918820941563e-01,-1.433774563453035000e+00
-7.169748756579399362e-01,-2.288532231429131869e+00,-2.197358215191261288e-01,3.530948454854066387e+00,1.359036402702263446e+00,-2.369191021369124073e+00,8.741788489498779624e-01,1.646687115878584962e+00,3.179221066523250094e-01,-1.774081544225426077e+00,-3.891483800398794823e+00,-1.370795546164423229e+00,8.903353959546651542e-01,-1.359217310676183788e+00,-2.676368276775080712e+00
-2.258538036611207611e-01,5.854659194826917767e-01,2.969719059877952816e+00,1.754067111227205267e+00,2.998757641402485685e+00,1.665485286235520057e+00,9.671170200561496344e-01,2.593589504797408463e+00,3.019017710554583900e+00,-1.703431021821292024e+00,-5.605188079258606848e+00,-3.296431138557411877e+00,-8.626525515220720974e-01,1.751580691385556943e+00,-8.001209895878589329e-01
2.327653229475572960e+00,2.414125208801222833e+00,-1.253975728145332091e+00,-2.760967072868981464e+00,1.032325026177977501e+00,2.782997412200074905e+00,-2.354509670941378197e-01,-8.095612041211347476e-01,2.494333959881587376e-02,1.652423168253875030e+00,9.054912812635564912e-01,-1.936484661064572066e+00,-4.803270421315540828e-01,-1.032070104493937768e+00,-4.548525818181717861e-01
1.522816444987004636e-01,-3.075769152616563140e+00,-3.812679536511099254e+00,-3.724107640935505170e+00,2.947976815249110927e-01,3.485524095281768542e+00,2.495596071104785096e+00,7.569201384149356615e-01,1.183285710954183667e+00,-1.391583631621486017e+00,-2.264969700711024103e+00,-8.598915509449011063e-01,1.697091712993641810e+00,8.706812932861106580e-01,-7.824840333449832874e-01
-2.097088234442474164e+00,1.359136974344753446e+00,-5.073487896598206426e+00,-1.196324180668995485e+00,-4.536738825139462250e+00,2.306098215235984572e+00,2.148665068968027558e+00,1.388569077264409257e+00,1.801309681632542903e+00,-2.428149576231331541e-01,-2.982915296641124314e+00,-1.365127158834813503e+00,3.150182450698905789e+00,2.998147343756803362e+00,3.292095557378119097e-01
2.744611898943896122e-01,1.492349808042224613e+00,-8.786940889569618829e-01,2.436844407531958634e+00,1.497536924165520089e+00,8.427781826478467631e-01,2.876979395253022709e+00,1.962807761572207044e+00,4.511947920619070018e+00,2.543090392896193208e+00,-9.559353354909767564e-01,-2.149237965525454097e+00,-1.300269167910110546e-01,1.023599743047298727e+00,-1.975798990766694407e+00
-2.860095784642627814e-01,1.751572805427258628e-01,-1.001307197673415583e+00,8.730465103066471499e-01,-1.018053397057855802e+00,-1.777136768819972845e+00,7.313590635661174622e-01,1.441229476030898349e+00,2.662168455386014765e-01,6.602354949375288662e-01,1.584021064528083889e-01,-2.158466435112698534e+00,-7.274584084180566457e-01,6.273311863352402096e-01,-2.031595763402096466e+00
-7.914640768539877858e-01,-8.642199655131512781e-01,-3.074491930396165418e-01,-1.548181818488841399e+00,1.138575888500076155e-01,-1.045997484078696305e+00,-1.914550885895859311e+00,-4.741317402643381307e+00,-9.344408990682052663e-01,9.002347440084617070e-01,8.061833342694972593e-02,-4.452995927684308408e-01,-2.390230197866582973e+00,-1.878866736456404229e+00,-3.505154398946521144e-01
-5.696642005635694783e-01,4.496151493119345588e+00,1.713078658755360140e+00,-1.996862129245611683e+00,-1.093287448805762896e+00,2.457206520107210190e-01,8.895365966511982192e-01,1.517354757847750868e+00,1.952468011177727947e+00,3.780286317516527717e-02,8.671102279061094764e-01,4.162833410803930961e-02,3.236565253898242567e+00,2.067415233920206319e+00,9.207482921406964782e-02
7.075984672186038660e-01,2.376920317642086999e+00,1.881384487722773668e+00,-3.994743646947129245e-01,-1.529509674648196205e+00,-5.881604977861579542e+00,1.383130675615013905e+00,8.229202969944058310e-01,1.628371859549149425e+00,-2.731559315001910182e+00,-9.849186939576655142e-01,-1.132467851113842627e+00,4.295118475880087772e+00,2.595403524006417495e+00,1.960432523813011141e+00
-3.951651280803123445e-01,-4.431553960534799330e+00,6.755865146749469030e-01,-1.856787720844915057e+00,-1.582499921922315478e+00,-5.871132813447056620e+00,-2.221919530182159264e+00,-2.241647597947412862e+00,2.089885104519098480e+00,-5.442286055960683377e+00,1.524954637379579148e-01,4.537182314121254723e-01,-6.529251564885391046e-01,-2.112927175774344857e+00,-1.290848209847140549e+00
-3.125259849762399011e-02,-2.619584805747110501e+00,-1.763162871828591216e+00,-1.459216179741792629e+00,-7.098959355680666272e-01,-4.695667815663649769e+00,-4.343987036528564438e+00,-3.380110099749176200e+00,-8.675191064164391452e-01,-3.430425661369719936e+00,2.518579772085251189e+00,5.756582719214664579e-01,-2.683363705371021535e+00,-1.517705364457162753e+00,6.072141257858874042e-01
-9.920669297585316126e-01,3.301274154237950675e+00,3.386558764535064214e-01,-3.593351080375783435e-01,-2.106597771934099195e-01,-8.492412547764188746e-01,-1.105955058857521545e+00,3.538309937401873384e+00,8.781762339003094109e-01,-9.133403391611309985e-01,-2.815782097421767993e+00,-1.718675941970697840e+00,5.573635163704323409e-02,5.210198286755241881e+00,1.450628093054842971e+00
1.214362300415338936e-01,6.675916125652471556e-03,1.278129822779006997e+00,1.212523772422952062e-04,2.087898128408613108e+00,-1.800385985268238453e+00,-2.047603782869922728e+00,1.138528289745823541e+00,-1.021513186875785628e+00,8.405772459290195009e-01,2.354759499287375490e+00,1.162785786554473844e-04,-7.777069212676072096e-01,3.429870447967676927e+00,2.249005264589170938e+00
6.432136547275753014e-01,-1.507732754085811810e-01,1.088300604229460289e+00,-5.853536806903978373e-01,-1.023288419030973673e+00,-4.762246933300794183e+00,-7.108660257882087885e-01,1.819363326002416459e+00,-1.535153572367881525e+00,1.734028118833591314e+00,5.473934255208823707e+00,2.717438176808739669e+00,-7.431890666610475593e-01,-4.478537838893072442e-01,5.803668870549912873e-01
2.044502699046061078e+00,-5.627970711503184065e-01,-3.467585478520946590e-02,1.512777220554524793e-01,1.379593236248970900e+00,-1.072853207555829913e+00,-2.879783817015669989e+00,-2.308935132947314450e+00,-3.102149204034456570e-02,7.604956848552888449e-01,3.459755119846416260e+00,2.512187122534039752e+00,-8.028388260981299540e-01,-3.775979138343238173e+00,7.409233474535267816e-02
1.010767055431063710e+00,1.526732721949193738e+00,1.608493791363372560e+00,-1.506601609301140843e-01,1.488362408024897610e+00,-8.026643506426991981e-02,-3.847119443026198571e+00,-7.174205674709218661e-01,-1.790531039779775790e+00,1.412682677977709300e+00,1.814596688672852842e+00,2.470084040790534452e+00,7.505928744492601501e-01,-3.581060797903225179e+00,-2.624956362547838040e+00
1.465670749560150865e+00,3.889570278169906636e+00,1.644943272276686352e+00,1.727746527626149664e+00,2.925515555795900280e+00,-2.038628248336982196e+00,-1.469245612614298535e+00,2.684565699597022626e+00,-4.785477366007313549e-01,-4.972734481042377475e+00,-3.786323124008228902e+00,-6.297408242206670170e-01,8.864406185809236005e-01,-8.628971455681803127e-01,-2.633207147359932221e-01
1.559100159897103488e+00,-6.077524461332884931e-01,5.149341998839986445e+00,3.314201381789679157e+00,2.798432016191162219e+00,3.325433308418735967e-01,-3.430751009496689541e+00,4.231638161428933564e+00,1.559727254709854849e+00,-7.678006616919602623e-01,2.058666829445980007e+00,1.287085158631318949e-01,2.386641517130657864e+00,-4.908985447550772707e-01,8.109054499712238240e-01
4.888263681783076020e-01,-1.813986995641667210e+00,-6.535079812426185519e-01,1.056487766188259236e+00,8.431583316402154749e-01,-3.669937263774111225e-01,-5.017791462712280826e+00,2.035346431491205088e+00,3.374320151435903803e+00,-3.019057631729655244e-01,1.747284911451536527e+00,2.367827045932100916e+00,1.830910626606667702e+00,5.455992962707276739e-01,2.970062985566048308e+00
1.739119643990424180e+00,5.126876663079618091e+00,2.474569542636745112e+00,2.581713290395075244e+00,1.427650667706045429e+00,-8.718408170867640861e-01,-2.314060401637958009e+00,1.638464187217107293e+00,2.161680986252171977e+00,1.018793927673290245e+00,-1.814445230411355858e+00,3.455239939483016332e-01,5.732469280806128803e-02,-1.201399636179338648e+00,1.868548498597626173e+00
-6.055475601744348957e-01,2.055774338602955442e+00,4.442722318434693674e-01,2.701861463735154789e+00,6.063269736678223998e-01,-2.014703879662057551e-01,9.448250376975874110e-01,-8.204918739537443440e-01,-2.996600881884197598e+00,1.748599348165960979e-02,-7.482315727666021488e+00,-7.519752575382843141e-01,3.081568179909795480e-01,-7.541514294672351237e-01,-2.351582330743138716e+00
3.998221101182896642e-01,-7.099219441712851797e+00,-5.940811626812972923e-01,-5.376575107729434366e-01,4.916754447266149519e-01,5.302223514158951323e-01,2.993656535027694687e+00,-1.327562702104242431e+00,-4.250028795360677236e+00,-7.830930064127431534e-01,-1.513632419315058097e+00,-2.545106292791197156e+00,-1.911378795975152034e+00,1.903113753937246022e+00,9.973787389036710138e-01
1.352179298500515658e+00,-5.568710391768522783e+00,-2.842655411978758373e+00,5.739574061555043905e-01,-3.280834872716132944e-01,2.245095737672378355e+00,2.436377768339517691e-01,-3.899996867869074624e+00,9.705096541213806827e-01,-3.287713724753069111e-01,4.341465935181107461e-01,8.860247443626387276e-02,-2.162066887367873225e+00,-1.347495265378741092e+00,-1.879730716910940291e+00
-1.103772022413725962e+00,1.476544773313405390e+00,3.476438589772119503e+00,3.752336147389108589e+00,1.801648475243081415e-01,3.927300435630405762e+00,-9.439737589330331469e-01,3.884893897864966750e+00,1.784119773493612060e+00,2.286487287978559824e+00,-1.160317050209313194e+00,-1.426344743287588201e+00,3.097102033859843839e+00,2.108151161498775128e+00,2.837889560640266762e+00
5.274433612194378007e-01,1.037905738321311944e+00,4.844061451683244535e+00,2.263043665623832634e+00,2.154890385355027471e-01,1.231267643565115533e+00,3.081464756971847782e-02,2.351454001289098539e+00,1.637982614018028693e+00,3.154805994780693457e+00,-2.766149831750585708e+00,-4.087808456989952544e-01,3.820137346232284070e+00,2.630209975400744415e+00,4.053838731845138099e+00
-1.252652679886143483e+00,-2.729829154199199248e+00,3.238202162379947069e+00,-1.486963548292444370e+00,4.239323514314188857e-01,2.101795103925728547e+00,-1.753916283806956189e+00,-4.935996244677896883e+00,-2.436377724181326254e+00,3.911100711234556382e+00,-1.924785998632055684e+00,-1.533489238310514757e+00,1.002069859146120123e+00,-2.093350283191315331e+00,-2.058143054066033262e+00
-7.959484546286463846e-01,1.129997003828756341e+00,-2.080972056088899347e+00,-2.157591023378574224e+00,2.121750334617492406e+00,-3.067644982438352264e-01,-1.605567221732636218e+00,-4.431561170528906857e+00,-6.900600631493992942e+00,2.460336055019681223e-01,4.186474285513484550e-01,-3.177194277529440947e-01,-1.304260426477931389e+00,-2.162173218064075364e+00,-2.873706705389671878e+00
-1.608939693990476982e+00,5.993879146989298690e+00,-2.811619950686316538e-01,1.181702443143489933e+00,1.901870081957505176e+00,2.052504753670960636e+00,-1.633647937234511849e+00,6.757524366819380734e-01,-1.565629708772642736e+00,-3.066903238328250847e+00,4.990063337796539322e+00,8.830026529821588532e-01,-1.778062012818015791e+00,1.125071324383350335e+00,1.330916711973344713e+00
6.769960660378442352e-01,2.889387704601395157e+00,-3.117993871624501701e+00,2.913446942027768660e+00,-5.914759569300156450e-01,3.117063702503658496e-01,1.463517929744403978e-01,-1.689760176381547518e+00,-2.289897214469942988e+00,-2.595688261821007981e+00,2.639466352090140758e-02,1.515542856880192746e+00,-2.364994145360406197e+00,1.071520773408883409e+00,3.011890104958611647e-01
-1.559584216537358792e+00,8.952432953065251331e-01,-3.781872516126276174e-01,-1.135235691330215069e+00,-3.528866561867884499e+00,2.639133631474211761e+00,2.005868410348346398e+00,-3.373908291516283242e+00,-2.280485753427314410e+00,-1.241521739857732953e+00,-3.130217473388123839e+00,-2.323370967874512083e-01,-2.540990801226748363e+00,-2.138802881137352951e+00,-1.599615075497963446e+00
7.374290998863435309e-01,-2.061730806756275847e+00,-2.596517331938708928e+00,-3.990756102849411402e+00,4.579875414045618542e-02,3.670880846142006604e+00,1.749462808049119911e+00,3.932084975864534204e+00,8.279049780352498722e-01,-1.328088521055246218e+00,8.900895445877208267e-01,-2.930964753974699133e-01,-2.140429255042600065e+00,-1.456075262907277068e+00,-8.902772112449699460e-01
1.165395240473432459e+00,-8.700521460540747709e-01,-2.776676900641193768e+00,-4.122600005458739503e+00,3.433888303047692991e-01,9.173338924949755446e-01,1.737539230208987151e+00,1.223696400069758772e+00,-9.953250471144501343e-01,-3.620683780221933823e-01,-3.768843771408120769e-01,1.146144003138334533e+00,-1.383092604074902088e+00,-1.515167158486767085e-01,1.758778656208638935e+00
1.786950139311185737e+00,-2.808412936409932392e+00,-8.917170692468585624e-01,-1.569565513876170604e+00,-2.673067411572026764e+00,7.721489279960197516e-01,1.639760534777808143e+00,-4.912204027919592875e+00,-5.881149619377012971e-01,3.065833002837470289e-01,1.591454385502348925e-02,3.797588908851161182e+00,1.814930251346027340e-02,8.555287807787941290e-01,1.584270171847026454e+00
-2.536030719167604364e+00,-1.072780435766880647e+00,-6.638042979509564123e-01,-3.782015655495100770e+00,-4.942943521745435831e+00,1.215633447649736132e+00,7.286792196003109012e-01,-2.295358032323946418e+00,-2.126676106893627516e+00,1.385913899032456653e+00,1.002497013696907358e+00,5.918493829229941383e+00,1.190999382369458237e+00,1.870773363686697444e-01,5.481446941630355174e-02
-5.003655268304463277e-01,-1.087842435996806190e+00,-2.091051582534962705e+00,-1.078488421311149859e+00,-3.744846747332904791e+00,3.246681075851828524e+00,3.475832374360315669e+00,-1.228161127939636943e+00,6.197039993246948875e-01,3.558237799338770380e-01,7.204709590403802544e+00,5.620780800325599458e+00,1.395549247551378214e+00,2.128283693128014242e+00,1.951753209544141887e+00
-2.920687093518540500e+00,-9.838590010906741457e-01,-2.945558063146957561e+00,1.052497346730538602e-01,-3.240287552214394795e-01,-2.341907097924101233e+00,2.999880098453792332e+00,-1.357410705325394984e+00,-9.679022209659662312e-01,-1.111105974505344207e+00,5.704042635218718793e+00,4.957752645698928345e-02,8.076432688477298560e-01,1.531656981809627283e+00,3.056481050142485500e+00
7.869970235190724139e-01,-2.042589899041699297e+00,-1.991821298567211906e+00,-1.202953530498094059e+00,3.392153122882539673e+00,-2.386938110636001031e+00,1.780210337822665911e+00,2.676868044054767637e+00,3.610702897125511512e+00,-9.840720164957590388e-01,1.031589229326490553e+00,-8.952500802148806169e-01,-6.392124501222498090e-01,-2.666855220030855289e+00,-9.304773709654969860e-01
1.336004082938702930e-01,-4.025876861969718834e-01,9.380563916202203645e-01,-2.004693104055360386e+00,-2.394369341064771284e+00,-2.598305637405751600e+00,3.688511370546871948e+00,5.383897159480822481e+00,3.717698011767445188e+00,4.352162039659207005e-01,-5.533221093030048721e+00,-6.459029112505080050e+00,3.286959828603930767e+00,2.622074619731681988e+00,-1.124199870436619175e+00
